[
    {
        "name": "The Shawshank Redemption",
        "rating": "9.2",
        "rank": "1",
        "link": "http://www.imdb.com/title/tt0111161/",
        "year": "1994"
    },
    {
        "name": "The Godfather",
        "rating": "9.2",
        "rank": "2",
        "link": "http://www.imdb.com/title/tt0068646/",
        "year": "1972"
    },
    {
        "name": "The Godfather: Part II",
        "rating": "9.0",
        "rank": "3",
        "link": "http://www.imdb.com/title/tt0071562/",
        "year": "1974"
    },
    {
        "name": "Pulp Fiction",
        "rating": "8.9",
        "rank": "4",
        "link": "http://www.imdb.com/title/tt0110912/",
        "year": "1994"
    },
    {
        "name": "The Good, the Bad and the Ugly",
        "rating": "8.9",
        "rank": "5",
        "link": "http://www.imdb.com/title/tt0060196/",
        "year": "1966"
    },
    {
        "name": "The Dark Knight",
        "rating": "8.9",
        "rank": "6",
        "link": "http://www.imdb.com/title/tt0468569/",
        "year": "2008"
    },
    {
        "name": "12 Angry Men",
        "rating": "8.9",
        "rank": "7",
        "link": "http://www.imdb.com/title/tt0050083/",
        "year": "1957"
    },
    {
        "name": "Schindler's List",
        "rating": "8.9",
        "rank": "8",
        "link": "http://www.imdb.com/title/tt0108052/",
        "year": "1993"
    },
    {
        "name": "The Lord of the Rings: The Return of the King",
        "rating": "8.8",
        "rank": "9",
        "link": "http://www.imdb.com/title/tt0167260/",
        "year": "2003"
    },
    {
        "name": "Fight Club",
        "rating": "8.8",
        "rank": "10",
        "link": "http://www.imdb.com/title/tt0137523/",
        "year": "1999"
    },
    {
        "name": "Star Wars: Episode V - The Empire Strikes Back",
        "rating": "8.8",
        "rank": "11",
        "link": "http://www.imdb.com/title/tt0080684/",
        "year": "1980"
    },
    {
        "name": "The Lord of the Rings: The Fellowship of the Ring",
        "rating": "8.8",
        "rank": "12",
        "link": "http://www.imdb.com/title/tt0120737/",
        "year": "2001"
    },
    {
        "name": "One Flew Over the Cuckoo's Nest",
        "rating": "8.7",
        "rank": "13",
        "link": "http://www.imdb.com/title/tt0073486/",
        "year": "1975"
    },
    {
        "name": "Goodfellas",
        "rating": "8.7",
        "rank": "14",
        "link": "http://www.imdb.com/title/tt0099685/",
        "year": "1990"
    },
    {
        "name": "Seven Samurai",
        "rating": "8.7",
        "rank": "15",
        "link": "http://www.imdb.com/title/tt0047478/",
        "year": "1954"
    },
    {
        "name": "Inception",
        "rating": "8.7",
        "rank": "16",
        "link": "http://www.imdb.com/title/tt1375666/",
        "year": "2010"
    },
    {
        "name": "Star Wars: Episode IV - A New Hope",
        "rating": "8.7",
        "rank": "17",
        "link": "http://www.imdb.com/title/tt0076759/",
        "year": "1977"
    },
    {
        "name": "Forrest Gump",
        "rating": "8.7",
        "rank": "18",
        "link": "http://www.imdb.com/title/tt0109830/",
        "year": "1994"
    },
    {
        "name": "The Matrix",
        "rating": "8.7",
        "rank": "19",
        "link": "http://www.imdb.com/title/tt0133093/",
        "year": "1999"
    },
    {
        "name": "The Lord of the Rings: The Two Towers",
        "rating": "8.7",
        "rank": "20",
        "link": "http://www.imdb.com/title/tt0167261/",
        "year": "2002"
    },
    {
        "name": "City of God",
        "rating": "8.6",
        "rank": "21",
        "link": "http://www.imdb.com/title/tt0317248/",
        "year": "2002"
    },
    {
        "name": "The Silence of the Lambs",
        "rating": "8.6",
        "rank": "22",
        "link": "http://www.imdb.com/title/tt0102926/",
        "year": "1991"
    },
    {
        "name": "Se7en",
        "rating": "8.6",
        "rank": "23",
        "link": "http://www.imdb.com/title/tt0114369/",
        "year": "1995"
    },
    {
        "name": "Once Upon a Time in the West",
        "rating": "8.6",
        "rank": "24",
        "link": "http://www.imdb.com/title/tt0064116/",
        "year": "1968"
    },
    {
        "name": "Casablanca",
        "rating": "8.6",
        "rank": "25",
        "link": "http://www.imdb.com/title/tt0034583/",
        "year": "1942"
    },
    {
        "name": "The Usual Suspects",
        "rating": "8.6",
        "rank": "26",
        "link": "http://www.imdb.com/title/tt0114814/",
        "year": "1995"
    },
    {
        "name": "Raiders of the Lost Ark",
        "rating": "8.6",
        "rank": "27",
        "link": "http://www.imdb.com/title/tt0082971/",
        "year": "1981"
    },
    {
        "name": "Rear Window",
        "rating": "8.6",
        "rank": "28",
        "link": "http://www.imdb.com/title/tt0047396/",
        "year": "1954"
    },
    {
        "name": "It's a Wonderful Life",
        "rating": "8.6",
        "rank": "29",
        "link": "http://www.imdb.com/title/tt0038650/",
        "year": "1946"
    },
    {
        "name": "Psycho",
        "rating": "8.6",
        "rank": "30",
        "link": "http://www.imdb.com/title/tt0054215/",
        "year": "1960"
    },
    {
        "name": "L?on",
        "rating": "8.6",
        "rank": "31",
        "link": "http://www.imdb.com/title/tt0110413/",
        "year": "1994"
    },
    {
        "name": "Sunset Boulevard",
        "rating": "8.5",
        "rank": "32",
        "link": "http://www.imdb.com/title/tt0043014/",
        "year": "1950"
    },
    {
        "name": "American History X",
        "rating": "8.5",
        "rank": "33",
        "link": "http://www.imdb.com/title/tt0120586/",
        "year": "1998"
    },
    {
        "name": "Terminator 2: Judgment Day",
        "rating": "8.5",
        "rank": "34",
        "link": "http://www.imdb.com/title/tt0103064/",
        "year": "1991"
    },
    {
        "name": "Apocalypse Now",
        "rating": "8.5",
        "rank": "35",
        "link": "http://www.imdb.com/title/tt0078788/",
        "year": "1979"
    },
    {
        "name": "Memento",
        "rating": "8.5",
        "rank": "36",
        "link": "http://www.imdb.com/title/tt0209144/",
        "year": "2000"
    },
    {
        "name": "Saving Private Ryan",
        "rating": "8.5",
        "rank": "37",
        "link": "http://www.imdb.com/title/tt0120815/",
        "year": "1998"
    },
    {
        "name": "City Lights",
        "rating": "8.5",
        "rank": "38",
        "link": "http://www.imdb.com/title/tt0021749/",
        "year": "1931"
    },
    {
        "name": "Dr. Strangelove or: How I Learned to Stop Worrying and Love the Bomb",
        "rating": "8.5",
        "rank": "39",
        "link": "http://www.imdb.com/title/tt0057012/",
        "year": "1964"
    },
    {
        "name": "Alien",
        "rating": "8.5",
        "rank": "40",
        "link": "http://www.imdb.com/title/tt0078748/",
        "year": "1979"
    },
    {
        "name": "Gravity",
        "rating": "8.5",
        "rank": "41",
        "link": "http://www.imdb.com/title/tt1454468/",
        "year": "2013"
    },
    {
        "name": "Modern Times",
        "rating": "8.5",
        "rank": "42",
        "link": "http://www.imdb.com/title/tt0027977/",
        "year": "1936"
    },
    {
        "name": "Spirited Away",
        "rating": "8.5",
        "rank": "43",
        "link": "http://www.imdb.com/title/tt0245429/",
        "year": "2001"
    },
    {
        "name": "North by Northwest",
        "rating": "8.5",
        "rank": "44",
        "link": "http://www.imdb.com/title/tt0053125/",
        "year": "1959"
    },
    {
        "name": "Back to the Future",
        "rating": "8.5",
        "rank": "45",
        "link": "http://www.imdb.com/title/tt0088763/",
        "year": "1985"
    },
    {
        "name": "The Pianist",
        "rating": "8.4",
        "rank": "46",
        "link": "http://www.imdb.com/title/tt0253474/",
        "year": "2002"
    },
    {
        "name": "Citizen Kane",
        "rating": "8.4",
        "rank": "47",
        "link": "http://www.imdb.com/title/tt0033467/",
        "year": "1941"
    },
    {
        "name": "Life Is Beautiful",
        "rating": "8.4",
        "rank": "48",
        "link": "http://www.imdb.com/title/tt0118799/",
        "year": "1997"
    },
    {
        "name": "M",
        "rating": "8.4",
        "rank": "49",
        "link": "http://www.imdb.com/title/tt0022100/",
        "year": "1931"
    },
    {
        "name": "The Shining",
        "rating": "8.4",
        "rank": "50",
        "link": "http://www.imdb.com/title/tt0081505/",
        "year": "1980"
    },
    {
        "name": "The Departed",
        "rating": "8.4",
        "rank": "51",
        "link": "http://www.imdb.com/title/tt0407887/",
        "year": "2006"
    },
    {
        "name": "Paths of Glory",
        "rating": "8.4",
        "rank": "52",
        "link": "http://www.imdb.com/title/tt0050825/",
        "year": "1957"
    },
    {
        "name": "Vertigo",
        "rating": "8.4",
        "rank": "53",
        "link": "http://www.imdb.com/title/tt0052357/",
        "year": "1958"
    },
    {
        "name": "American Beauty",
        "rating": "8.4",
        "rank": "54",
        "link": "http://www.imdb.com/title/tt0169547/",
        "year": "1999"
    },
    {
        "name": "Django Unchained",
        "rating": "8.4",
        "rank": "55",
        "link": "http://www.imdb.com/title/tt1853728/",
        "year": "2012"
    },
    {
        "name": "Double Indemnity",
        "rating": "8.4",
        "rank": "56",
        "link": "http://www.imdb.com/title/tt0036775/",
        "year": "1944"
    },
    {
        "name": "The Dark Knight Rises",
        "rating": "8.4",
        "rank": "57",
        "link": "http://www.imdb.com/title/tt1345836/",
        "year": "2012"
    },
    {
        "name": "Taxi Driver",
        "rating": "8.4",
        "rank": "58",
        "link": "http://www.imdb.com/title/tt0075314/",
        "year": "1976"
    },
    {
        "name": "Aliens",
        "rating": "8.4",
        "rank": "59",
        "link": "http://www.imdb.com/title/tt0090605/",
        "year": "1986"
    },
    {
        "name": "The Green Mile",
        "rating": "8.4",
        "rank": "60",
        "link": "http://www.imdb.com/title/tt0120689/",
        "year": "1999"
    },
    {
        "name": "Untouchable",
        "rating": "8.4",
        "rank": "61",
        "link": "http://www.imdb.com/title/tt1675434/",
        "year": "2011"
    },
    {
        "name": "Gladiator",
        "rating": "8.4",
        "rank": "62",
        "link": "http://www.imdb.com/title/tt0172495/",
        "year": "2000"
    },
    {
        "name": "WALL?E",
        "rating": "8.4",
        "rank": "63",
        "link": "http://www.imdb.com/title/tt0910970/",
        "year": "2008"
    },
    {
        "name": "The Lives of Others",
        "rating": "8.4",
        "rank": "64",
        "link": "http://www.imdb.com/title/tt0405094/",
        "year": "2006"
    },
    {
        "name": "Toy Story 3",
        "rating": "8.4",
        "rank": "65",
        "link": "http://www.imdb.com/title/tt0435761/",
        "year": "2010"
    },
    {
        "name": "The Great Dictator",
        "rating": "8.4",
        "rank": "66",
        "link": "http://www.imdb.com/title/tt0032553/",
        "year": "1940"
    },
    {
        "name": "The Prestige",
        "rating": "8.4",
        "rank": "67",
        "link": "http://www.imdb.com/title/tt0482571/",
        "year": "2006"
    },
    {
        "name": "A Clockwork Orange",
        "rating": "8.4",
        "rank": "68",
        "link": "http://www.imdb.com/title/tt0066921/",
        "year": "1971"
    },
    {
        "name": "Amelie",
        "rating": "8.4",
        "rank": "69",
        "link": "http://www.imdb.com/title/tt0211915/",
        "year": "2001"
    },
    {
        "name": "Lawrence of Arabia",
        "rating": "8.4",
        "rank": "70",
        "link": "http://www.imdb.com/title/tt0056172/",
        "year": "1962"
    },
    {
        "name": "To Kill a Mockingbird",
        "rating": "8.4",
        "rank": "71",
        "link": "http://www.imdb.com/title/tt0056592/",
        "year": "1962"
    },
    {
        "name": "Reservoir Dogs",
        "rating": "8.4",
        "rank": "72",
        "link": "http://www.imdb.com/title/tt0105236/",
        "year": "1992"
    },
    {
        "name": "Das Boot",
        "rating": "8.4",
        "rank": "73",
        "link": "http://www.imdb.com/title/tt0082096/",
        "year": "1981"
    },
    {
        "name": "Cinema Paradiso",
        "rating": "8.3",
        "rank": "74",
        "link": "http://www.imdb.com/title/tt0095765/",
        "year": "1988"
    },
    {
        "name": "The Lion King",
        "rating": "8.3",
        "rank": "75",
        "link": "http://www.imdb.com/title/tt0110357/",
        "year": "1994"
    },
    {
        "name": "The Treasure of the Sierra Madre",
        "rating": "8.3",
        "rank": "76",
        "link": "http://www.imdb.com/title/tt0040897/",
        "year": "1948"
    },
    {
        "name": "The Third Man",
        "rating": "8.3",
        "rank": "77",
        "link": "http://www.imdb.com/title/tt0041959/",
        "year": "1949"
    },
    {
        "name": "Once Upon a Time in America",
        "rating": "8.3",
        "rank": "78",
        "link": "http://www.imdb.com/title/tt0087843/",
        "year": "1984"
    },
    {
        "name": "Requiem for a Dream",
        "rating": "8.3",
        "rank": "79",
        "link": "http://www.imdb.com/title/tt0180093/",
        "year": "2000"
    },
    {
        "name": "Star Wars: Episode VI - Return of the Jedi",
        "rating": "8.3",
        "rank": "80",
        "link": "http://www.imdb.com/title/tt0086190/",
        "year": "1983"
    },
    {
        "name": "Eternal Sunshine of the Spotless Mind",
        "rating": "8.3",
        "rank": "81",
        "link": "http://www.imdb.com/title/tt0338013/",
        "year": "2004"
    },
    {
        "name": "Full Metal Jacket",
        "rating": "8.3",
        "rank": "82",
        "link": "http://www.imdb.com/title/tt0093058/",
        "year": "1987"
    },
    {
        "name": "Braveheart",
        "rating": "8.3",
        "rank": "83",
        "link": "http://www.imdb.com/title/tt0112573/",
        "year": "1995"
    },
    {
        "name": "L.A. Confidential",
        "rating": "8.3",
        "rank": "84",
        "link": "http://www.imdb.com/title/tt0119488/",
        "year": "1997"
    },
    {
        "name": "Oldboy",
        "rating": "8.3",
        "rank": "85",
        "link": "http://www.imdb.com/title/tt0364569/",
        "year": "2003"
    },
    {
        "name": "Singin' in the Rain",
        "rating": "8.3",
        "rank": "86",
        "link": "http://www.imdb.com/title/tt0045152/",
        "year": "1952"
    },
    {
        "name": "Metropolis",
        "rating": "8.3",
        "rank": "87",
        "link": "http://www.imdb.com/title/tt0017136/",
        "year": "1927"
    },
    {
        "name": "Chinatown",
        "rating": "8.3",
        "rank": "88",
        "link": "http://www.imdb.com/title/tt0071315/",
        "year": "1974"
    },
    {
        "name": "Some Like It Hot",
        "rating": "8.3",
        "rank": "89",
        "link": "http://www.imdb.com/title/tt0053291/",
        "year": "1959"
    },
    {
        "name": "Rashomon",
        "rating": "8.3",
        "rank": "90",
        "link": "http://www.imdb.com/title/tt0042876/",
        "year": "1950"
    },
    {
        "name": "Bicycle Thieves",
        "rating": "8.3",
        "rank": "91",
        "link": "http://www.imdb.com/title/tt0040522/",
        "year": "1948"
    },
    {
        "name": "All About Eve",
        "rating": "8.3",
        "rank": "92",
        "link": "http://www.imdb.com/title/tt0042192/",
        "year": "1950"
    },
    {
        "name": "Monty Python and the Holy Grail",
        "rating": "8.3",
        "rank": "93",
        "link": "http://www.imdb.com/title/tt0071853/",
        "year": "1975"
    },
    {
        "name": "Princess Mononoke",
        "rating": "8.3",
        "rank": "94",
        "link": "http://www.imdb.com/title/tt0119698/",
        "year": "1997"
    },
    {
        "name": "Amadeus",
        "rating": "8.3",
        "rank": "95",
        "link": "http://www.imdb.com/title/tt0086879/",
        "year": "1984"
    },
    {
        "name": "2001: A Space Odyssey",
        "rating": "8.3",
        "rank": "96",
        "link": "http://www.imdb.com/title/tt0062622/",
        "year": "1968"
    },
    {
        "name": "Witness for the Prosecution",
        "rating": "8.3",
        "rank": "97",
        "link": "http://www.imdb.com/title/tt0051201/",
        "year": "1957"
    },
    {
        "name": "The Apartment",
        "rating": "8.3",
        "rank": "98",
        "link": "http://www.imdb.com/title/tt0053604/",
        "year": "1960"
    },
    {
        "name": "The Sting",
        "rating": "8.3",
        "rank": "99",
        "link": "http://www.imdb.com/title/tt0070735/",
        "year": "1973"
    },
    {
        "name": "Unforgiven",
        "rating": "8.3",
        "rank": "100",
        "link": "http://www.imdb.com/title/tt0105695/",
        "year": "1992"
    },
    {
        "name": "Grave of the Fireflies",
        "rating": "8.3",
        "rank": "101",
        "link": "http://www.imdb.com/title/tt0095327/",
        "year": "1988"
    },
    {
        "name": "Indiana Jones and the Last Crusade",
        "rating": "8.3",
        "rank": "102",
        "link": "http://www.imdb.com/title/tt0097576/",
        "year": "1989"
    },
    {
        "name": "Raging Bull",
        "rating": "8.3",
        "rank": "103",
        "link": "http://www.imdb.com/title/tt0081398/",
        "year": "1980"
    },
    {
        "name": "The Bridge on the River Kwai",
        "rating": "8.3",
        "rank": "104",
        "link": "http://www.imdb.com/title/tt0050212/",
        "year": "1957"
    },
    {
        "name": "Die Hard",
        "rating": "8.3",
        "rank": "105",
        "link": "http://www.imdb.com/title/tt0095016/",
        "year": "1988"
    },
    {
        "name": "Yojimbo",
        "rating": "8.3",
        "rank": "106",
        "link": "http://www.imdb.com/title/tt0055630/",
        "year": "1961"
    },
    {
        "name": "Batman Begins",
        "rating": "8.3",
        "rank": "107",
        "link": "http://www.imdb.com/title/tt0372784/",
        "year": "2005"
    },
    {
        "name": "A Separation",
        "rating": "8.3",
        "rank": "108",
        "link": "http://www.imdb.com/title/tt1832382/",
        "year": "2011"
    },
    {
        "name": "Inglourious Basterds",
        "rating": "8.2",
        "rank": "109",
        "link": "http://www.imdb.com/title/tt0361748/",
        "year": "2009"
    },
    {
        "name": "For a Few Dollars More",
        "rating": "8.2",
        "rank": "110",
        "link": "http://www.imdb.com/title/tt0059578/",
        "year": "1965"
    },
    {
        "name": "Snatch.",
        "rating": "8.2",
        "rank": "111",
        "link": "http://www.imdb.com/title/tt0208092/",
        "year": "2000"
    },
    {
        "name": "Mr. Smith Goes to Washington",
        "rating": "8.2",
        "rank": "112",
        "link": "http://www.imdb.com/title/tt0031679/",
        "year": "1939"
    },
    {
        "name": "Toy Story",
        "rating": "8.2",
        "rank": "113",
        "link": "http://www.imdb.com/title/tt0114709/",
        "year": "1995"
    },
    {
        "name": "On the Waterfront",
        "rating": "8.2",
        "rank": "114",
        "link": "http://www.imdb.com/title/tt0047296/",
        "year": "1954"
    },
    {
        "name": "The Great Escape",
        "rating": "8.2",
        "rank": "115",
        "link": "http://www.imdb.com/title/tt0057115/",
        "year": "1963"
    },
    {
        "name": "Downfall",
        "rating": "8.2",
        "rank": "116",
        "link": "http://www.imdb.com/title/tt0363163/",
        "year": "2004"
    },
    {
        "name": "Pan's Labyrinth",
        "rating": "8.2",
        "rank": "117",
        "link": "http://www.imdb.com/title/tt0457430/",
        "year": "2006"
    },
    {
        "name": "Up",
        "rating": "8.2",
        "rank": "118",
        "link": "http://www.imdb.com/title/tt1049413/",
        "year": "2009"
    },
    {
        "name": "The General",
        "rating": "8.2",
        "rank": "119",
        "link": "http://www.imdb.com/title/tt0017925/",
        "year": "1926"
    },
    {
        "name": "The Seventh Seal",
        "rating": "8.2",
        "rank": "120",
        "link": "http://www.imdb.com/title/tt0050976/",
        "year": "1957"
    },
    {
        "name": "Heat",
        "rating": "8.2",
        "rank": "121",
        "link": "http://www.imdb.com/title/tt0113277/",
        "year": "1995"
    },
    {
        "name": "The Elephant Man",
        "rating": "8.2",
        "rank": "122",
        "link": "http://www.imdb.com/title/tt0080678/",
        "year": "1980"
    },
    {
        "name": "The Maltese Falcon",
        "rating": "8.2",
        "rank": "123",
        "link": "http://www.imdb.com/title/tt0033870/",
        "year": "1941"
    },
    {
        "name": "The Kid",
        "rating": "8.2",
        "rank": "124",
        "link": "http://www.imdb.com/title/tt0012349/",
        "year": "1921"
    },
    {
        "name": "Blade Runner",
        "rating": "8.2",
        "rank": "125",
        "link": "http://www.imdb.com/title/tt0083658/",
        "year": "1982"
    },
    {
        "name": "Wild Strawberries",
        "rating": "8.2",
        "rank": "126",
        "link": "http://www.imdb.com/title/tt0050986/",
        "year": "1957"
    },
    {
        "name": "Rebecca",
        "rating": "8.2",
        "rank": "127",
        "link": "http://www.imdb.com/title/tt0032976/",
        "year": "1940"
    },
    {
        "name": "Scarface",
        "rating": "8.2",
        "rank": "128",
        "link": "http://www.imdb.com/title/tt0086250/",
        "year": "1983"
    },
    {
        "name": "Ikiru",
        "rating": "8.2",
        "rank": "129",
        "link": "http://www.imdb.com/title/tt0044741/",
        "year": "1952"
    },
    {
        "name": "Fargo",
        "rating": "8.2",
        "rank": "130",
        "link": "http://www.imdb.com/title/tt0116282/",
        "year": "1996"
    },
    {
        "name": "Ran",
        "rating": "8.2",
        "rank": "131",
        "link": "http://www.imdb.com/title/tt0089881/",
        "year": "1985"
    },
    {
        "name": "Gran Torino",
        "rating": "8.2",
        "rank": "132",
        "link": "http://www.imdb.com/title/tt1205489/",
        "year": "2008"
    },
    {
        "name": "The Big Lebowski",
        "rating": "8.2",
        "rank": "133",
        "link": "http://www.imdb.com/title/tt0118715/",
        "year": "1998"
    },
    {
        "name": "Touch of Evil",
        "rating": "8.2",
        "rank": "134",
        "link": "http://www.imdb.com/title/tt0052311/",
        "year": "1958"
    },
    {
        "name": "The Gold Rush",
        "rating": "8.2",
        "rank": "135",
        "link": "http://www.imdb.com/title/tt0015864/",
        "year": "1925"
    },
    {
        "name": "The Deer Hunter",
        "rating": "8.2",
        "rank": "136",
        "link": "http://www.imdb.com/title/tt0077416/",
        "year": "1978"
    },
    {
        "name": "Cool Hand Luke",
        "rating": "8.2",
        "rank": "137",
        "link": "http://www.imdb.com/title/tt0061512/",
        "year": "1967"
    },
    {
        "name": "It Happened One Night",
        "rating": "8.1",
        "rank": "138",
        "link": "http://www.imdb.com/title/tt0025316/",
        "year": "1934"
    },
    {
        "name": "Les Diaboliques",
        "rating": "8.1",
        "rank": "139",
        "link": "http://www.imdb.com/title/tt0046911/",
        "year": "1955"
    },
    {
        "name": "No Country for Old Men",
        "rating": "8.1",
        "rank": "140",
        "link": "http://www.imdb.com/title/tt0477348/",
        "year": "2007"
    },
    {
        "name": "Lock, Stock and Two Smoking Barrels",
        "rating": "8.1",
        "rank": "141",
        "link": "http://www.imdb.com/title/tt0120735/",
        "year": "1998"
    },
    {
        "name": "The Sixth Sense",
        "rating": "8.1",
        "rank": "142",
        "link": "http://www.imdb.com/title/tt0167404/",
        "year": "1999"
    },
    {
        "name": "Good Will Hunting",
        "rating": "8.1",
        "rank": "143",
        "link": "http://www.imdb.com/title/tt0119217/",
        "year": "1997"
    },
    {
        "name": "Jaws",
        "rating": "8.1",
        "rank": "144",
        "link": "http://www.imdb.com/title/tt0073195/",
        "year": "1975"
    },
    {
        "name": "Casino",
        "rating": "8.1",
        "rank": "145",
        "link": "http://www.imdb.com/title/tt0112641/",
        "year": "1995"
    },
    {
        "name": "Strangers on a Train",
        "rating": "8.1",
        "rank": "146",
        "link": "http://www.imdb.com/title/tt0044079/",
        "year": "1951"
    },
    {
        "name": "Judgement at Nuremberg",
        "rating": "8.1",
        "rank": "147",
        "link": "http://www.imdb.com/title/tt0055031/",
        "year": "1961"
    },
    {
        "name": "The Wizard of Oz",
        "rating": "8.1",
        "rank": "148",
        "link": "http://www.imdb.com/title/tt0032138/",
        "year": "1939"
    },
    {
        "name": "The Grapes of Wrath",
        "rating": "8.1",
        "rank": "149",
        "link": "http://www.imdb.com/title/tt0032551/",
        "year": "1940"
    },
    {
        "name": "Platoon",
        "rating": "8.1",
        "rank": "150",
        "link": "http://www.imdb.com/title/tt0091763/",
        "year": "1986"
    },
    {
        "name": "Butch Cassidy and the Sundance Kid",
        "rating": "8.1",
        "rank": "151",
        "link": "http://www.imdb.com/title/tt0064115/",
        "year": "1969"
    },
    {
        "name": "Sin City",
        "rating": "8.1",
        "rank": "152",
        "link": "http://www.imdb.com/title/tt0401792/",
        "year": "2005"
    },
    {
        "name": "Kill Bill: Vol. 1",
        "rating": "8.1",
        "rank": "153",
        "link": "http://www.imdb.com/title/tt0266697/",
        "year": "2003"
    },
    {
        "name": "The Thing",
        "rating": "8.1",
        "rank": "154",
        "link": "http://www.imdb.com/title/tt0084787/",
        "year": "1982"
    },
    {
        "name": "Trainspotting",
        "rating": "8.1",
        "rank": "155",
        "link": "http://www.imdb.com/title/tt0117951/",
        "year": "1996"
    },
    {
        "name": "The Hunt",
        "rating": "8.1",
        "rank": "156",
        "link": "http://www.imdb.com/title/tt2106476/",
        "year": "2012"
    },
    {
        "name": "Gone with the Wind",
        "rating": "8.1",
        "rank": "157",
        "link": "http://www.imdb.com/title/tt0031381/",
        "year": "1939"
    },
    {
        "name": "Annie Hall",
        "rating": "8.1",
        "rank": "158",
        "link": "http://www.imdb.com/title/tt0075686/",
        "year": "1977"
    },
    {
        "name": "High Noon",
        "rating": "8.1",
        "rank": "159",
        "link": "http://www.imdb.com/title/tt0044706/",
        "year": "1952"
    },
    {
        "name": "Hotel Rwanda",
        "rating": "8.1",
        "rank": "160",
        "link": "http://www.imdb.com/title/tt0395169/",
        "year": "2004"
    },
    {
        "name": "Warrior",
        "rating": "8.1",
        "rank": "161",
        "link": "http://www.imdb.com/title/tt1291584/",
        "year": "2011"
    },
    {
        "name": "The Secret in Their Eyes",
        "rating": "8.1",
        "rank": "162",
        "link": "http://www.imdb.com/title/tt1305806/",
        "year": "2009"
    },
    {
        "name": "Finding Nemo",
        "rating": "8.1",
        "rank": "163",
        "link": "http://www.imdb.com/title/tt0266543/",
        "year": "2003"
    },
    {
        "name": "My Neighbour Totoro",
        "rating": "8.1",
        "rank": "164",
        "link": "http://www.imdb.com/title/tt0096283/",
        "year": "1988"
    },
    {
        "name": "V for Vendetta",
        "rating": "8.1",
        "rank": "165",
        "link": "http://www.imdb.com/title/tt0434409/",
        "year": "2005"
    },
    {
        "name": "Dial M for Murder",
        "rating": "8.1",
        "rank": "166",
        "link": "http://www.imdb.com/title/tt0046912/",
        "year": "1954"
    },
    {
        "name": "Avengers Assemble",
        "rating": "8.1",
        "rank": "167",
        "link": "http://www.imdb.com/title/tt0848228/",
        "year": "2012"
    },
    {
        "name": "Notorious",
        "rating": "8.1",
        "rank": "168",
        "link": "http://www.imdb.com/title/tt0038787/",
        "year": "1946"
    },
    {
        "name": "How to Train Your Dragon",
        "rating": "8.1",
        "rank": "169",
        "link": "http://www.imdb.com/title/tt0892769/",
        "year": "2010"
    },
    {
        "name": "Life of Brian",
        "rating": "8.1",
        "rank": "170",
        "link": "http://www.imdb.com/title/tt0079470/",
        "year": "1979"
    },
    {
        "name": "Into the Wild",
        "rating": "8.1",
        "rank": "171",
        "link": "http://www.imdb.com/title/tt0758758/",
        "year": "2007"
    },
    {
        "name": "The Best Years of Our Lives",
        "rating": "8.1",
        "rank": "172",
        "link": "http://www.imdb.com/title/tt0036868/",
        "year": "1946"
    },
    {
        "name": "Network",
        "rating": "8.1",
        "rank": "173",
        "link": "http://www.imdb.com/title/tt0074958/",
        "year": "1976"
    },
    {
        "name": "The Terminator",
        "rating": "8.1",
        "rank": "174",
        "link": "http://www.imdb.com/title/tt0088247/",
        "year": "1984"
    },
    {
        "name": "Million Dollar Baby",
        "rating": "8.1",
        "rank": "175",
        "link": "http://www.imdb.com/title/tt0405159/",
        "year": "2004"
    },
    {
        "name": "There Will Be Blood",
        "rating": "8.1",
        "rank": "176",
        "link": "http://www.imdb.com/title/tt0469494/",
        "year": "2007"
    },
    {
        "name": "Ben-Hur",
        "rating": "8.1",
        "rank": "177",
        "link": "http://www.imdb.com/title/tt0052618/",
        "year": "1959"
    },
    {
        "name": "The Night of the Hunter",
        "rating": "8.1",
        "rank": "178",
        "link": "http://www.imdb.com/title/tt0048424/",
        "year": "1955"
    },
    {
        "name": "The Big Sleep",
        "rating": "8.1",
        "rank": "179",
        "link": "http://www.imdb.com/title/tt0038355/",
        "year": "1946"
    },
    {
        "name": "The King's Speech",
        "rating": "8.1",
        "rank": "180",
        "link": "http://www.imdb.com/title/tt1504320/",
        "year": "2010"
    },
    {
        "name": "Stand by Me",
        "rating": "8.1",
        "rank": "181",
        "link": "http://www.imdb.com/title/tt0092005/",
        "year": "1986"
    },
    {
        "name": "The 400 Blows",
        "rating": "8.1",
        "rank": "182",
        "link": "http://www.imdb.com/title/tt0053198/",
        "year": "1959"
    },
    {
        "name": "Twelve Monkeys",
        "rating": "8.1",
        "rank": "183",
        "link": "http://www.imdb.com/title/tt0114746/",
        "year": "1995"
    },
    {
        "name": "Groundhog Day",
        "rating": "8.1",
        "rank": "184",
        "link": "http://www.imdb.com/title/tt0107048/",
        "year": "1993"
    },
    {
        "name": "Donnie Darko",
        "rating": "8.0",
        "rank": "185",
        "link": "http://www.imdb.com/title/tt0246578/",
        "year": "2001"
    },
    {
        "name": "Dog Day Afternoon",
        "rating": "8.0",
        "rank": "186",
        "link": "http://www.imdb.com/title/tt0072890/",
        "year": "1975"
    },
    {
        "name": "Amores Perros",
        "rating": "8.0",
        "rank": "187",
        "link": "http://www.imdb.com/title/tt0245712/",
        "year": "2000"
    },
    {
        "name": "Howl's Moving Castle",
        "rating": "8.0",
        "rank": "188",
        "link": "http://www.imdb.com/title/tt0347149/",
        "year": "2004"
    },
    {
        "name": "Gandhi",
        "rating": "8.0",
        "rank": "189",
        "link": "http://www.imdb.com/title/tt0083987/",
        "year": "1982"
    },
    {
        "name": "Mary and Max",
        "rating": "8.0",
        "rank": "190",
        "link": "http://www.imdb.com/title/tt0978762/",
        "year": "2009"
    },
    {
        "name": "The Bourne Ultimatum",
        "rating": "8.0",
        "rank": "191",
        "link": "http://www.imdb.com/title/tt0440963/",
        "year": "2007"
    },
    {
        "name": "A Beautiful Mind",
        "rating": "8.0",
        "rank": "192",
        "link": "http://www.imdb.com/title/tt0268978/",
        "year": "2001"
    },
    {
        "name": "Rush",
        "rating": "8.0",
        "rank": "193",
        "link": "http://www.imdb.com/title/tt1979320/",
        "year": "2013/I"
    },
    {
        "name": "Persona",
        "rating": "8.0",
        "rank": "194",
        "link": "http://www.imdb.com/title/tt0060827/",
        "year": "1966"
    },
    {
        "name": "The Killing",
        "rating": "8.0",
        "rank": "195",
        "link": "http://www.imdb.com/title/tt0049406/",
        "year": "1956"
    },
    {
        "name": "The Graduate",
        "rating": "8.0",
        "rank": "196",
        "link": "http://www.imdb.com/title/tt0061722/",
        "year": "1967"
    },
    {
        "name": "Black Swan",
        "rating": "8.0",
        "rank": "197",
        "link": "http://www.imdb.com/title/tt0947798/",
        "year": "2010"
    },
    {
        "name": "The Princess Bride",
        "rating": "8.0",
        "rank": "198",
        "link": "http://www.imdb.com/title/tt0093779/",
        "year": "1987"
    },
    {
        "name": "Who's Afraid of Virginia Woolf?",
        "rating": "8.0",
        "rank": "199",
        "link": "http://www.imdb.com/title/tt0061184/",
        "year": "1966"
    },
    {
        "name": "The Hustler",
        "rating": "8.0",
        "rank": "200",
        "link": "http://www.imdb.com/title/tt0054997/",
        "year": "1961"
    },
    {
        "name": "The Man Who Shot Liberty Valance",
        "rating": "8.0",
        "rank": "201",
        "link": "http://www.imdb.com/title/tt0056217/",
        "year": "1962"
    },
    {
        "name": "La Strada",
        "rating": "8.0",
        "rank": "202",
        "link": "http://www.imdb.com/title/tt0047528/",
        "year": "1954"
    },
    {
        "name": "Anatomy of a Murder",
        "rating": "8.0",
        "rank": "203",
        "link": "http://www.imdb.com/title/tt0052561/",
        "year": "1959"
    },
    {
        "name": "The Manchurian Candidate",
        "rating": "8.0",
        "rank": "204",
        "link": "http://www.imdb.com/title/tt0056218/",
        "year": "1962"
    },
    {
        "name": "8?",
        "rating": "8.0",
        "rank": "205",
        "link": "http://www.imdb.com/title/tt0056801/",
        "year": "1963"
    },
    {
        "name": "Rocky",
        "rating": "8.0",
        "rank": "206",
        "link": "http://www.imdb.com/title/tt0075148/",
        "year": "1976"
    },
    {
        "name": "The Exorcist",
        "rating": "8.0",
        "rank": "207",
        "link": "http://www.imdb.com/title/tt0070047/",
        "year": "1973"
    },
    {
        "name": "Slumdog Millionaire",
        "rating": "8.0",
        "rank": "208",
        "link": "http://www.imdb.com/title/tt1010048/",
        "year": "2008"
    },
    {
        "name": "In the Name of the Father",
        "rating": "8.0",
        "rank": "209",
        "link": "http://www.imdb.com/title/tt0107207/",
        "year": "1993"
    },
    {
        "name": "Stalag 17",
        "rating": "8.0",
        "rank": "210",
        "link": "http://www.imdb.com/title/tt0046359/",
        "year": "1953"
    },
    {
        "name": "Rope",
        "rating": "8.0",
        "rank": "211",
        "link": "http://www.imdb.com/title/tt0040746/",
        "year": "1948"
    },
    {
        "name": "Fanny and Alexander",
        "rating": "8.0",
        "rank": "212",
        "link": "http://www.imdb.com/title/tt0083922/",
        "year": "1982"
    },
    {
        "name": "The Wild Bunch",
        "rating": "8.0",
        "rank": "213",
        "link": "http://www.imdb.com/title/tt0065214/",
        "year": "1969"
    },
    {
        "name": "Barry Lyndon",
        "rating": "8.0",
        "rank": "214",
        "link": "http://www.imdb.com/title/tt0072684/",
        "year": "1975"
    },
    {
        "name": "Monsters, Inc.",
        "rating": "8.0",
        "rank": "215",
        "link": "http://www.imdb.com/title/tt0198781/",
        "year": "2001"
    },
    {
        "name": "Infernal Affairs",
        "rating": "8.0",
        "rank": "216",
        "link": "http://www.imdb.com/title/tt0338564/",
        "year": "2002"
    },
    {
        "name": "The Truman Show",
        "rating": "8.0",
        "rank": "217",
        "link": "http://www.imdb.com/title/tt0120382/",
        "year": "1998"
    },
    {
        "name": "Life of Pi",
        "rating": "8.0",
        "rank": "218",
        "link": "http://www.imdb.com/title/tt0454876/",
        "year": "2012"
    },
    {
        "name": "Roman Holiday",
        "rating": "8.0",
        "rank": "219",
        "link": "http://www.imdb.com/title/tt0046250/",
        "year": "1953"
    },
    {
        "name": "Pirates of the Caribbean: The Curse of the Black Pearl",
        "rating": "8.0",
        "rank": "220",
        "link": "http://www.imdb.com/title/tt0325980/",
        "year": "2003"
    },
    {
        "name": "Memories of Murder",
        "rating": "8.0",
        "rank": "221",
        "link": "http://www.imdb.com/title/tt0353969/",
        "year": "2003"
    },
    {
        "name": "All Quiet on the Western Front",
        "rating": "8.0",
        "rank": "222",
        "link": "http://www.imdb.com/title/tt0020629/",
        "year": "1930"
    },
    {
        "name": "Harry Potter and the Deathly Hallows: Part 2",
        "rating": "8.0",
        "rank": "223",
        "link": "http://www.imdb.com/title/tt1201607/",
        "year": "2011"
    },
    {
        "name": "Sleuth",
        "rating": "8.0",
        "rank": "224",
        "link": "http://www.imdb.com/title/tt0069281/",
        "year": "1972"
    },
    {
        "name": "Stalker",
        "rating": "8.0",
        "rank": "225",
        "link": "http://www.imdb.com/title/tt0079944/",
        "year": "1979"
    },
    {
        "name": "Jurassic Park",
        "rating": "8.0",
        "rank": "226",
        "link": "http://www.imdb.com/title/tt0107290/",
        "year": "1993"
    },
    {
        "name": "A Streetcar Named Desire",
        "rating": "8.0",
        "rank": "227",
        "link": "http://www.imdb.com/title/tt0044081/",
        "year": "1951"
    },
    {
        "name": "Star Trek",
        "rating": "8.0",
        "rank": "228",
        "link": "http://www.imdb.com/title/tt0796366/",
        "year": "2009"
    },
    {
        "name": "Ratatouille",
        "rating": "8.0",
        "rank": "229",
        "link": "http://www.imdb.com/title/tt0382932/",
        "year": "2007"
    },
    {
        "name": "Ip Man",
        "rating": "8.0",
        "rank": "230",
        "link": "http://www.imdb.com/title/tt1220719/",
        "year": "2008"
    },
    {
        "name": "A Fistful of Dollars",
        "rating": "8.0",
        "rank": "231",
        "link": "http://www.imdb.com/title/tt0058461/",
        "year": "1964"
    },
    {
        "name": "The Diving Bell and the Butterfly",
        "rating": "8.0",
        "rank": "232",
        "link": "http://www.imdb.com/title/tt0401383/",
        "year": "2007"
    },
    {
        "name": "The Hobbit: An Unexpected Journey",
        "rating": "8.0",
        "rank": "233",
        "link": "http://www.imdb.com/title/tt0903624/",
        "year": "2012"
    },
    {
        "name": "District 9",
        "rating": "8.0",
        "rank": "234",
        "link": "http://www.imdb.com/title/tt1136608/",
        "year": "2009"
    },
    {
        "name": "Shutter Island",
        "rating": "8.0",
        "rank": "235",
        "link": "http://www.imdb.com/title/tt1130884/",
        "year": "2010"
    },
    {
        "name": "Rain Man",
        "rating": "8.0",
        "rank": "236",
        "link": "http://www.imdb.com/title/tt0095953/",
        "year": "1988"
    },
    {
        "name": "Incendies",
        "rating": "8.0",
        "rank": "237",
        "link": "http://www.imdb.com/title/tt1255953/",
        "year": "2010"
    },
    {
        "name": "La Haine",
        "rating": "8.0",
        "rank": "238",
        "link": "http://www.imdb.com/title/tt0113247/",
        "year": "1995"
    },
    {
        "name": "Rosemary's Baby",
        "rating": "8.0",
        "rank": "239",
        "link": "http://www.imdb.com/title/tt0063522/",
        "year": "1968"
    },
    {
        "name": "3 Idiots",
        "rating": "8.0",
        "rank": "240",
        "link": "http://www.imdb.com/title/tt1187043/",
        "year": "2009"
    },
    {
        "name": "Nausica? of the Valley of the Wind",
        "rating": "8.0",
        "rank": "241",
        "link": "http://www.imdb.com/title/tt0087544/",
        "year": "1984"
    },
    {
        "name": "The Artist",
        "rating": "8.0",
        "rank": "242",
        "link": "http://www.imdb.com/title/tt1655442/",
        "year": "2011/I"
    },
    {
        "name": "Beauty and the Beast",
        "rating": "7.9",
        "rank": "243",
        "link": "http://www.imdb.com/title/tt0101414/",
        "year": "1991"
    },
    {
        "name": "Bringing Up Baby",
        "rating": "7.9",
        "rank": "244",
        "link": "http://www.imdb.com/title/tt0029947/",
        "year": "1938"
    },
    {
        "name": "Three Colours: Red",
        "rating": "7.9",
        "rank": "245",
        "link": "http://www.imdb.com/title/tt0111495/",
        "year": "1994"
    },
    {
        "name": "Before Sunrise",
        "rating": "7.9",
        "rank": "246",
        "link": "http://www.imdb.com/title/tt0112471/",
        "year": "1995"
    },
    {
        "name": "Mystic River",
        "rating": "7.9",
        "rank": "247",
        "link": "http://www.imdb.com/title/tt0327056/",
        "year": "2003"
    },
    {
        "name": "Arsenic and Old Lace",
        "rating": "7.9",
        "rank": "248",
        "link": "http://www.imdb.com/title/tt0036613/",
        "year": "1944"
    },
    {
        "name": "Papillon",
        "rating": "7.9",
        "rank": "249",
        "link": "http://www.imdb.com/title/tt0070511/",
        "year": "1973"
    },
    {
        "name": "In the Heat of the Night",
        "rating": "7.9",
        "rank": "250",
        "link": "http://www.imdb.com/title/tt0061811/",
        "year": "1967"
    }
]